top1_accuracy,top3_accuracy,precision,recall,n_eval_rows
0.8666666666666667,0.9333333333333333,0.8666666666666667,0.8666666666666667,30
